id,first_name,last_name,email,gender,Job
1,Hadlee,Sobtka,hsobtka0@samsung.com,Agender,Food Chemist
2,Theodoric,Caplan,tcaplan1@nymag.com,Male,Staff Accountant I
3,Madelin,Stucksbury,mstucksbury2@youtube.com,Female,Junior Executive
4,Ardene,Bothie,abothie3@lulu.com,Female,Project Manager
5,Justen,Cohane,jcohane4@google.com.au,Male,Speech Pathologist
6,Nahum,Duckering,nduckering5@ning.com,Male,Compensation Analyst
7,Wilow,Coomes,wcoomes6@nydailynews.com,Female,Payment Adjustment Coordinator
8,Dewey,Dreigher,ddreigher7@kickstarter.com,Male,Senior Financial Analyst
9,Kimmi,Ishak,kishak8@sitemeter.com,Female,Web Developer I
10,Victoria,Quipp,vquipp9@stanford.edu,Female,Senior Developer
11,Brnaba,Goodsall,bgoodsalla@youku.com,Male,Director of Sales
12,Stearn,Ducker,sduckerb@themeforest.net,Male,Marketing Assistant
13,Brandon,Heimes,bheimesc@ucoz.com,Male,Marketing Assistant
14,Johna,Byrde,jbyrded@ibm.com,Female,Accounting Assistant I
15,Ansley,Bedbury,abedburye@oaic.gov.au,Female,Financial Advisor
16,Ynes,Amoore,yamooref@photobucket.com,Female,Legal Assistant
17,Germana,Kohrt,gkohrtg@seesaa.net,Female,Computer Systems Analyst III
18,Zane,Goulstone,zgoulstoneh@reverbnation.com,Male,General Manager
19,Bernelle,Bingall,bbingalli@elpais.com,Bigender,Information Systems Manager
20,Daisy,Yeardley,dyeardleyj@salon.com,Female,Administrative Assistant I
21,Gayelord,Olenchenko,golenchenkok@blogs.com,Male,Recruiting Manager
22,Merwin,Gasquoine,mgasquoinel@tuttocitta.it,Genderfluid,Recruiting Manager
23,Marji,Casson,mcassonm@latimes.com,Female,Associate Professor
24,De,Greiswood,dgreiswoodn@prlog.org,Female,Software Consultant
25,Kellby,Laughnan,klaughnano@seesaa.net,Male,Teacher
26,Jacky,Sabbatier,jsabbatierp@java.com,Female,Accountant I
27,Trey,Corten,tcortenq@tmall.com,Male,Project Manager
28,Jock,Victory,jvictoryr@sakura.ne.jp,Male,VP Sales
29,Fawn,Kippie,fkippies@home.pl,Female,Technical Writer
30,Elga,Burds,eburdst@imdb.com,Female,Accountant III
31,Rupert,Eckery,reckeryu@yale.edu,Male,Systems Administrator IV
32,Glenden,Coare,gcoarev@un.org,Male,Geologist III
33,Ethelred,Gabites,egabitesw@xrea.com,Male,Geological Engineer
34,Shane,MacKenney,smackenneyx@cnet.com,Female,Systems Administrator IV
35,Cissy,Sahnow,csahnowy@hostgator.com,Female,Food Chemist
36,Orville,Assur,oassurz@bloomberg.com,Male,Senior Cost Accountant
37,Shermy,Packer,spacker10@time.com,Male,Chemical Engineer
38,Christie,Lomond,clomond11@squidoo.com,Male,Research Nurse
39,Nollie,Catherick,ncatherick12@bloomberg.com,Male,Mechanical Systems Engineer
40,Olly,Hubbert,ohubbert13@meetup.com,Female,Geologist III
41,Odelinda,Leborgne,oleborgne14@privacy.gov.au,Female,Assistant Media Planner
42,Tris,Monsey,tmonsey15@printfriendly.com,Non-binary,Technical Writer
43,Benoit,Ronaghan,bronaghan16@guardian.co.uk,Male,Cost Accountant
44,Luke,De Mattia,ldemattia17@cocolog-nifty.com,Male,VP Product Management
45,Kinsley,Fryman,kfryman18@bigcartel.com,Male,General Manager
46,Yasmin,Denisard,ydenisard19@google.cn,Female,Legal Assistant
47,Noble,Keetley,nkeetley1a@seesaa.net,Male,Structural Analysis Engineer
48,Liana,Cook,lcook1b@theguardian.com,Genderqueer,Teacher
49,Akim,Skedgell,askedgell1c@slashdot.org,Male,Geologist I
50,Lee,Baddam,lbaddam1d@gov.uk,Male,Account Executive
51,Grata,Lammertz,glammertz1e@github.com,Female,Software Test Engineer II
52,Grete,Marieton,gmarieton1f@twitpic.com,Female,Budget/Accounting Analyst IV
53,Gratia,Ilson,gilson1g@livejournal.com,Female,Electrical Engineer
54,Winnifred,Rembrant,wrembrant1h@ezinearticles.com,Bigender,Analog Circuit Design manager
55,Osborn,Tarbard,otarbard1i@thetimes.co.uk,Male,Senior Editor
56,Bryn,Rushforth,brushforth1j@japanpost.jp,Male,Software Consultant
57,Andra,Cattermull,acattermull1k@shutterfly.com,Female,Human Resources Manager
58,Malory,Barlie,mbarlie1l@blinklist.com,Female,Food Chemist
59,Bartholomew,Gierck,bgierck1m@stanford.edu,Male,Computer Systems Analyst IV
60,Averyl,Torbet,atorbet1n@themeforest.net,Female,Dental Hygienist
61,Toiboid,Duding,tduding1o@pagesperso-orange.fr,Male,Media Manager I
62,Rainer,Lehemann,rlehemann1p@utexas.edu,Male,Sales Representative
63,Cornela,Lonie,clonie1q@cdbaby.com,Female,Information Systems Manager
64,Nola,Eubank,neubank1r@weibo.com,Female,Payment Adjustment Coordinator
65,Mirna,MacQuarrie,mmacquarrie1s@usa.gov,Female,Nurse Practicioner
66,Eldin,Corcut,ecorcut1t@booking.com,Male,Engineer II
67,Aaren,Caltun,acaltun1u@java.com,Female,VP Sales
68,Guthry,Wellbeloved,gwellbeloved1v@bbc.co.uk,Male,Community Outreach Specialist
69,Sunny,Davitt,sdavitt1w@auda.org.au,Male,Food Chemist
70,Hillary,Radin,hradin1x@microsoft.com,Male,Nuclear Power Engineer
71,Vivianna,Garrard,vgarrard1y@hostgator.com,Female,Payment Adjustment Coordinator
72,Tabb,Castree,tcastree1z@sciencedirect.com,Male,Account Executive
73,Fran,Guillem,fguillem20@tmall.com,Male,Geological Engineer
74,Lita,Durrans,ldurrans21@squarespace.com,Female,Geologist II
75,Earle,Frowing,efrowing22@wikia.com,Male,Sales Representative
76,Scott,Pigrome,spigrome23@123-reg.co.uk,Male,Tax Accountant
77,Jo-ann,Jermey,jjermey24@kickstarter.com,Genderqueer,Research Assistant II
78,Nichols,Clousley,nclousley25@linkedin.com,Male,VP Accounting
79,Brandy,Danilyuk,bdanilyuk26@mtv.com,Female,Software Test Engineer I
80,Marwin,Toppin,mtoppin27@adobe.com,Male,Account Representative III
81,Valle,Salsberg,vsalsberg28@dagondesign.com,Male,Budget/Accounting Analyst II
82,Jed,Viggars,jviggars29@gravatar.com,Male,Account Representative II
83,Gay,Burcombe,gburcombe2a@tripadvisor.com,Female,VP Accounting
84,Husain,Blunsden,hblunsden2b@hostgator.com,Male,Nuclear Power Engineer
85,Cornie,Wager,cwager2c@desdev.cn,Female,Recruiting Manager
86,Giovanni,Alderman,galderman2d@princeton.edu,Male,Research Nurse
87,Mort,Lingwood,mlingwood2e@auda.org.au,Male,Human Resources Assistant II
88,Devin,Bawme,dbawme2f@earthlink.net,Female,Editor
89,Vergil,Hayworth,vhayworth2g@ycombinator.com,Genderfluid,Junior Executive
90,Tawsha,Skechley,tskechley2h@ycombinator.com,Female,Teacher
91,Slade,Noad,snoad2i@cafepress.com,Male,Graphic Designer
92,Timothy,Skipp,tskipp2j@discovery.com,Male,Assistant Professor
93,June,De la Yglesia,jdelayglesia2k@list-manage.com,Polygender,VP Accounting
94,Alyda,Louis,alouis2l@independent.co.uk,Female,VP Marketing
95,Aura,Pallatina,apallatina2m@pbs.org,Female,Structural Analysis Engineer
96,Theadora,Grellier,tgrellier2n@over-blog.com,Female,Developer II
97,Carley,Dudin,cdudin2o@liveinternet.ru,Female,Office Assistant I
98,Dave,Ruberti,druberti2p@bloomberg.com,Male,Community Outreach Specialist
99,Jean,Clemson,jclemson2q@fda.gov,Male,Actuary
100,Rheba,Whitlock,rwhitlock2r@merriam-webster.com,Female,Human Resources Manager
101,Delaney,Livard,dlivard2s@boston.com,Male,Computer Systems Analyst III
102,Clayton,Lockwood,clockwood2t@nature.com,Male,Database Administrator IV
103,Cathe,Longland,clongland2u@elpais.com,Bigender,Structural Analysis Engineer
104,Miquela,Beddow,mbeddow2v@dedecms.com,Female,Chemical Engineer
105,Lianne,Gippes,lgippes2w@loc.gov,Female,General Manager
106,Burt,Renzini,brenzini2x@instagram.com,Male,Senior Quality Engineer
107,Gordon,Drewes,gdrewes2y@home.pl,Male,Software Test Engineer IV
108,Keelia,Youde,kyoude2z@hp.com,Female,Administrative Officer
109,Jaquith,Fishenden,jfishenden30@stumbleupon.com,Female,Senior Cost Accountant
110,Cyb,Weld,cweld31@topsy.com,Female,Chief Design Engineer
111,Winnifred,Stockle,wstockle32@reuters.com,Female,Internal Auditor
112,Lynda,Abramovici,labramovici33@smh.com.au,Female,Research Nurse
113,Glynda,Chattock,gchattock34@cmu.edu,Female,Physical Therapy Assistant
114,Leo,Cuddon,lcuddon35@omniture.com,Male,Environmental Specialist
115,Lynea,Staunton,lstaunton36@house.gov,Female,Executive Secretary
116,Kayne,Richardet,krichardet37@soup.io,Male,Research Associate
117,Huntlee,Wastie,hwastie38@eventbrite.com,Male,Web Designer I
118,Antone,Enbury,aenbury39@ihg.com,Male,Software Consultant
119,Adriena,Spacey,aspacey3a@sciencedirect.com,Agender,Assistant Manager
120,Dwight,Howen,dhowen3b@w3.org,Male,Administrative Officer
121,Kissie,Sumption,ksumption3c@ft.com,Genderqueer,Senior Financial Analyst
122,Viviene,Lavigne,vlavigne3d@themeforest.net,Female,Director of Sales
123,Shamus,Radcliffe,sradcliffe3e@tamu.edu,Male,Occupational Therapist
124,Benjamen,Derks,bderks3f@rambler.ru,Male,Marketing Manager
125,Giordano,Bollam,gbollam3g@joomla.org,Male,Social Worker
126,Sean,Thow,sthow3h@free.fr,Genderqueer,Research Associate
127,Daryl,Paskell,dpaskell3i@ted.com,Male,Sales Associate
128,Danny,Melly,dmelly3j@xing.com,Genderfluid,Research Assistant III
129,Ethelyn,Fourmy,efourmy3k@wiley.com,Female,Social Worker
130,Bibbye,Jude,bjude3l@apple.com,Female,Web Designer III
131,Kellina,Southern,ksouthern3m@oakley.com,Female,Computer Systems Analyst II
132,Titus,Croisier,tcroisier3n@odnoklassniki.ru,Male,Marketing Assistant
133,Angelica,Pavese,apavese3o@yale.edu,Female,Analog Circuit Design manager
134,Letitia,Phillp,lphillp3p@digg.com,Female,Senior Developer
135,Sanderson,Sipson,ssipson3q@telegraph.co.uk,Male,VP Marketing
136,Brendon,Ormesher,bormesher3r@about.com,Male,Geological Engineer
137,Gerome,Zmitrovich,gzmitrovich3s@fotki.com,Male,Programmer Analyst II
138,Sol,McDirmid,smcdirmid3t@about.com,Male,Actuary
139,Marsha,Dougher,mdougher3u@exblog.jp,Female,Account Coordinator
140,Correy,Harnor,charnor3v@imageshack.us,Genderfluid,Research Nurse
141,Lannie,Armes,larmes3w@stumbleupon.com,Male,Financial Analyst
142,Paxon,Scoffham,pscoffham3x@washington.edu,Male,Junior Executive
143,Carolyne,Wippermann,cwippermann3y@cbslocal.com,Non-binary,Software Test Engineer II
144,Maurizia,Mugleston,mmugleston3z@topsy.com,Female,Administrative Assistant IV
145,Nicol,Dmitriev,ndmitriev40@opensource.org,Male,Recruiting Manager
146,Danni,Falconbridge,dfalconbridge41@samsung.com,Female,Chemical Engineer
147,Errol,Clifford,eclifford42@mozilla.org,Male,Structural Engineer
148,Guido,Gethouse,ggethouse43@amazon.co.uk,Male,Recruiting Manager
149,Banky,Tessier,btessier44@furl.net,Male,General Manager
150,Rheta,Dumphry,rdumphry45@craigslist.org,Female,Accounting Assistant II
151,Arthur,Bresman,abresman46@umich.edu,Male,Recruiter
152,Darryl,Cochran,dcochran47@naver.com,Female,Office Assistant III
153,Marilyn,Redholls,mredholls48@sfgate.com,Female,Chemical Engineer
154,Court,Mahaffey,cmahaffey49@chronoengine.com,Male,Marketing Manager
155,Kale,Darridon,kdarridon4a@i2i.jp,Male,Pharmacist
156,Arvin,Cicculi,acicculi4b@yandex.ru,Male,GIS Technical Architect
157,Xylina,Poter,xpoter4c@taobao.com,Female,Media Manager I
158,Cassandra,Thatcham,cthatcham4d@auda.org.au,Female,Mechanical Systems Engineer
159,Lorry,Durkin,ldurkin4e@ca.gov,Male,Physical Therapy Assistant
160,Bibbye,Newall,bnewall4f@cbsnews.com,Female,Civil Engineer
161,Kareem,Muriel,kmuriel4g@tamu.edu,Male,Account Representative I
162,Marcelia,Paulton,mpaulton4h@ning.com,Female,Web Designer II
163,Lydon,Timeby,ltimeby4i@example.com,Male,VP Sales
164,Janella,Stibbs,jstibbs4j@behance.net,Female,Legal Assistant
165,Mal,Champ,mchamp4k@angelfire.com,Male,Staff Scientist
166,Dorie,Savaage,dsavaage4l@spotify.com,Male,Structural Engineer
167,Lizette,Arkow,larkow4m@hugedomains.com,Female,Editor
168,Gerome,Eldred,geldred4n@hud.gov,Male,Product Engineer
169,Gene,Tousy,gtousy4o@hao123.com,Female,Health Coach III
170,Wainwright,Florio,wflorio4p@scribd.com,Male,Software Test Engineer III
171,Brietta,Kingscott,bkingscott4q@sakura.ne.jp,Female,Engineer I
172,Quillan,Searson,qsearson4r@edublogs.org,Polygender,Account Executive
173,Lucio,Moar,lmoar4s@biblegateway.com,Male,Compensation Analyst
174,Aarika,Bardwall,abardwall4t@cargocollective.com,Female,VP Sales
175,Alecia,Kinnon,akinnon4u@hao123.com,Female,Computer Systems Analyst I
176,Delmor,Brownsall,dbrownsall4v@apache.org,Male,Recruiting Manager
177,Sonya,Kolczynski,skolczynski4w@icio.us,Female,Research Nurse
178,Vite,Juste,vjuste4x@surveymonkey.com,Male,Graphic Designer
179,Reinaldo,Mc Elory,rmcelory4y@yahoo.com,Non-binary,Geologist III
180,Cristabel,Swiffin,cswiffin4z@odnoklassniki.ru,Female,Database Administrator III
181,Kimberli,Phil,kphil50@un.org,Female,Professor
182,Nonna,Ashburner,nashburner51@mit.edu,Female,Systems Administrator III
183,Bonnie,Chamberlen,bchamberlen52@oracle.com,Female,Human Resources Manager
184,Mahmoud,Djokic,mdjokic53@ow.ly,Male,Structural Engineer
185,Zitella,Darmody,zdarmody54@hostgator.com,Female,Computer Systems Analyst II
186,Peggie,Selway,pselway55@php.net,Female,Software Consultant
187,Darleen,Ollerhad,dollerhad56@globo.com,Female,Programmer Analyst II
188,Shannan,Key,skey57@github.com,Male,Senior Quality Engineer
189,Roxi,Wolvey,rwolvey58@networksolutions.com,Female,Biostatistician IV
190,Grover,Brumbye,gbrumbye59@hubpages.com,Male,Recruiting Manager
191,Marris,Kingston,mkingston5a@furl.net,Bigender,Office Assistant III
192,Desmond,Cullabine,dcullabine5b@about.me,Male,Human Resources Assistant IV
193,Arlana,Geroldini,ageroldini5c@yolasite.com,Female,Recruiting Manager
194,Skye,Pethick,spethick5d@twitter.com,Male,Quality Control Specialist
195,Meryl,Huortic,mhuortic5e@list-manage.com,Male,Marketing Manager
196,Kevyn,Greenleaf,kgreenleaf5f@mediafire.com,Female,Operator
197,Adriaens,Flobert,aflobert5g@sitemeter.com,Female,Human Resources Manager
198,Donnamarie,Flament,dflament5h@jugem.jp,Female,Help Desk Operator
199,Storm,Ainley,sainley5i@cbslocal.com,Bigender,Assistant Professor
200,Dannel,Goodlud,dgoodlud5j@google.co.jp,Male,Help Desk Operator
201,Morten,Kingsland,mkingsland5k@gizmodo.com,Male,Paralegal
202,Sanders,Gibke,sgibke5l@virginia.edu,Male,Computer Systems Analyst IV
203,Frazer,Harriskine,fharriskine5m@gmpg.org,Male,VP Marketing
204,Ilysa,Grinin,igrinin5n@typepad.com,Female,Senior Quality Engineer
205,Myrle,Perview,mperview5o@ucoz.com,Female,Business Systems Development Analyst
206,Blanca,Rollings,brollings5p@deviantart.com,Female,Actuary
207,Vlad,Simm,vsimm5q@harvard.edu,Male,Financial Advisor
208,Prudy,O'Hannigan,pohannigan5r@slashdot.org,Female,Assistant Media Planner
209,Roderic,Izat,rizat5s@51.la,Male,Human Resources Assistant III
210,Clyve,Murrells,cmurrells5t@tuttocitta.it,Male,Budget/Accounting Analyst IV
211,Gwenneth,Lob,glob5u@hp.com,Female,Social Worker
212,Isabelle,Dayne,idayne5v@mac.com,Female,Help Desk Technician
213,Jarvis,Balwin,jbalwin5w@1688.com,Male,Occupational Therapist
214,Richardo,Ackwood,rackwood5x@alexa.com,Male,Clinical Specialist
215,Basile,Brookes,bbrookes5y@simplemachines.org,Male,Software Test Engineer II
216,Tessy,Couttes,tcouttes5z@pagesperso-orange.fr,Female,Software Test Engineer I
217,Romain,Coucha,rcoucha60@merriam-webster.com,Male,Marketing Manager
218,Kermie,Everal,keveral61@sogou.com,Male,Biostatistician II
219,Saunderson,Hansemann,shansemann62@wikispaces.com,Male,Associate Professor
220,Benita,Murtagh,bmurtagh63@sfgate.com,Female,Biostatistician IV
221,Homer,MacConnulty,hmacconnulty64@upenn.edu,Male,Sales Associate
222,Rubi,Stainson,rstainson65@phpbb.com,Female,Staff Scientist
223,Tiebout,McIlwrath,tmcilwrath66@merriam-webster.com,Male,Staff Scientist
224,Noe,Stannis,nstannis67@nsw.gov.au,Male,Human Resources Assistant II
225,Legra,Goldthorpe,lgoldthorpe68@mac.com,Female,Project Manager
226,Thorpe,Bradford,tbradford69@posterous.com,Male,Technical Writer
227,Tymon,Trouel,ttrouel6a@mapy.cz,Male,Technical Writer
228,Gordy,Wilding,gwilding6b@ning.com,Male,Systems Administrator I
229,Gaylor,Brearley,gbrearley6c@mozilla.com,Male,VP Accounting
230,Link,Godbolt,lgodbolt6d@nymag.com,Male,Web Developer I
231,Alessandro,Lammerding,alammerding6e@ask.com,Male,Physical Therapy Assistant
232,Bryant,Mosley,bmosley6f@macromedia.com,Male,Recruiting Manager
233,Jolie,Aronowitz,jaronowitz6g@youtube.com,Non-binary,Structural Analysis Engineer
234,Kellen,Coffey,kcoffey6h@tripadvisor.com,Female,Accounting Assistant IV
235,Fritz,Bjorkan,fbjorkan6i@foxnews.com,Male,Marketing Assistant
236,Sig,Mangon,smangon6j@ning.com,Male,Structural Analysis Engineer
237,Lanny,Woolf,lwoolf6k@linkedin.com,Male,Help Desk Operator
238,Nathanial,Good,ngood6l@taobao.com,Male,Geological Engineer
239,Barbette,St Angel,bstangel6m@nytimes.com,Female,Junior Executive
240,Fernande,Ortes,fortes6n@vkontakte.ru,Female,Accounting Assistant II
241,Crawford,Miguel,cmiguel6o@patch.com,Male,Administrative Officer
242,Normie,Billington,nbillington6p@xing.com,Male,Marketing Manager
243,Friedrich,Mereweather,fmereweather6q@google.com.hk,Male,Community Outreach Specialist
244,Collie,Clementucci,cclementucci6r@symantec.com,Female,Civil Engineer
245,Rorke,Libri,rlibri6s@github.com,Male,Research Nurse
246,Wendie,Norway,wnorway6t@wikipedia.org,Female,Cost Accountant
247,Sharia,Davidman,sdavidman6u@msu.edu,Female,Accounting Assistant II
248,Sholom,Trudgion,strudgion6v@yandex.ru,Male,Electrical Engineer
249,Coriss,Tomson,ctomson6w@npr.org,Female,Budget/Accounting Analyst III
250,Nicky,Antuk,nantuk6x@furl.net,Female,Data Coordinator
251,Cornelle,Klimontovich,cklimontovich6y@oaic.gov.au,Female,Software Test Engineer I
252,Nolly,Pennini,npennini6z@illinois.edu,Male,Analyst Programmer
253,Janina,Ready,jready70@ask.com,Female,Data Coordinator
254,Budd,Shawdforth,bshawdforth71@over-blog.com,Male,VP Accounting
255,Teddie,Bergstrand,tbergstrand72@drupal.org,Male,VP Accounting
256,Aurore,Rands,arands73@twitter.com,Female,GIS Technical Architect
257,Eran,Tudbald,etudbald74@baidu.com,Female,Account Representative I
258,Callie,Kohlerman,ckohlerman75@com.com,Female,Research Associate
259,Ameline,Saltsberger,asaltsberger76@cam.ac.uk,Female,Design Engineer
260,Sissy,Nodin,snodin77@marriott.com,Female,Internal Auditor
261,Witty,Dane,wdane78@hud.gov,Male,Director of Sales
262,Hedvige,Tranmer,htranmer79@ovh.net,Female,Financial Advisor
263,Beck,Orrock,borrock7a@goo.ne.jp,Male,Account Coordinator
264,Marsha,Shilburne,mshilburne7b@xinhuanet.com,Non-binary,Design Engineer
265,Amabel,Benne,abenne7c@wordpress.com,Female,Accounting Assistant IV
266,Harwell,Hanhart,hhanhart7d@amazon.co.jp,Male,Automation Specialist I
267,Raddy,McCrudden,rmccrudden7e@theatlantic.com,Male,Analyst Programmer
268,Demetria,Sussans,dsussans7f@si.edu,Female,Social Worker
269,Lonni,Thaine,lthaine7g@mysql.com,Female,Electrical Engineer
270,Wilton,Aizic,waizic7h@instagram.com,Male,Research Nurse
271,Evy,Adamski,eadamski7i@google.fr,Female,Financial Advisor
272,Shurwood,McIver,smciver7j@slideshare.net,Male,Computer Systems Analyst III
273,Ann,Botwood,abotwood7k@thetimes.co.uk,Female,Automation Specialist IV
274,Lorettalorna,Danbi,ldanbi7l@infoseek.co.jp,Female,Help Desk Technician
275,Craig,Vakhrushin,cvakhrushin7m@liveinternet.ru,Male,Payment Adjustment Coordinator
276,Allin,Scatchard,ascatchard7n@symantec.com,Male,Registered Nurse
277,Myca,Pladen,mpladen7o@salon.com,Non-binary,Structural Analysis Engineer
278,Shela,Letherbury,sletherbury7p@bing.com,Polygender,Graphic Designer
279,Trixi,Ciottoi,tciottoi7q@de.vu,Female,Chemical Engineer
280,Angelia,Tape,atape7r@cornell.edu,Female,Clinical Specialist
281,Elsbeth,Houseago,ehouseago7s@360.cn,Female,GIS Technical Architect
282,Eveleen,Kearn,ekearn7t@hud.gov,Female,Pharmacist
283,Teador,Moulder,tmoulder7u@fastcompany.com,Male,Nurse Practicioner
284,Gawen,Labern,glabern7v@spiegel.de,Agender,Teacher
285,Jake,Maryan,jmaryan7w@google.it,Male,Pharmacist
286,Paige,Baxstare,pbaxstare7x@slideshare.net,Female,Financial Analyst
287,Tremayne,Golagley,tgolagley7y@stanford.edu,Polygender,Recruiting Manager
288,Catarina,Lalevee,clalevee7z@sohu.com,Female,Help Desk Technician
289,Lesli,Whelan,lwhelan80@cpanel.net,Female,Quality Engineer
290,Engelbert,Pallatina,epallatina81@ebay.co.uk,Male,Biostatistician I
291,Maynard,Baleine,mbaleine82@macromedia.com,Male,Environmental Specialist
292,Verina,Exelby,vexelby83@microsoft.com,Female,Help Desk Operator
293,Mandi,Frango,mfrango84@google.co.jp,Female,Director of Sales
294,Myra,Menhenitt,mmenhenitt85@google.nl,Female,Analyst Programmer
295,Yves,McNamara,ymcnamara86@yellowpages.com,Male,Assistant Professor
296,Loren,Bowater,lbowater87@wikimedia.org,Female,Research Assistant II
297,Leora,Whitehouse,lwhitehouse88@rakuten.co.jp,Female,Nuclear Power Engineer
298,Marchall,Sweeny,msweeny89@ca.gov,Male,Biostatistician III
299,Vasili,Wiseman,vwiseman8a@ed.gov,Male,Pharmacist
300,Lissi,Greathead,lgreathead8b@auda.org.au,Female,Professor
301,Araldo,Hulke,ahulke8c@fda.gov,Male,Food Chemist
302,Elane,Mahaffey,emahaffey8d@webeden.co.uk,Female,Senior Sales Associate
303,Vernon,Grishanin,vgrishanin8e@cloudflare.com,Genderfluid,Software Engineer III
304,Harlan,Gilliver,hgilliver8f@slashdot.org,Male,Research Assistant II
305,Loleta,Tatton,ltatton8g@slate.com,Female,Assistant Professor
306,Mel,O'Cridigan,mocridigan8h@nbcnews.com,Male,Statistician III
307,Amara,Cutten,acutten8i@sakura.ne.jp,Bigender,Structural Engineer
308,Maddi,Burnes,mburnes8j@constantcontact.com,Female,Computer Systems Analyst II
309,Amery,Nyssens,anyssens8k@google.pl,Male,VP Sales
310,Silvain,Daverin,sdaverin8l@about.com,Male,Chemical Engineer
311,Corabelle,Kanwell,ckanwell8m@time.com,Female,Marketing Assistant
312,Genna,Hallbord,ghallbord8n@furl.net,Female,Human Resources Assistant IV
313,Alisander,Thorsen,athorsen8o@comsenz.com,Male,Clinical Specialist
314,Loree,Lody,llody8p@hc360.com,Female,Cost Accountant
315,Aleksandr,Jillard,ajillard8q@ifeng.com,Male,Director of Sales
316,Merell,Bramer,mbramer8r@ucla.edu,Male,Director of Sales
317,Reggy,Copello,rcopello8s@vimeo.com,Male,Nuclear Power Engineer
318,Yoshi,Instock,yinstock8t@google.com.hk,Female,Payment Adjustment Coordinator
319,Augustine,Horley,ahorley8u@smh.com.au,Female,Engineer I
320,Kinny,Kingaby,kkingaby8v@salon.com,Male,Research Nurse
321,Leonore,Faye,lfaye8w@ca.gov,Female,Senior Developer
322,Renata,Sheather,rsheather8x@umich.edu,Female,Office Assistant I
323,Rowland,Mathison,rmathison8y@google.com.au,Male,Environmental Specialist
324,Angel,Pallatina,apallatina8z@ameblo.jp,Female,Software Test Engineer II
325,Ludovika,Mehew,lmehew90@biglobe.ne.jp,Female,Teacher
326,Karina,Rosenthaler,krosenthaler91@51.la,Female,Marketing Manager
327,Ham,Keig,hkeig92@globo.com,Male,Recruiting Manager
328,Arnaldo,Chatt,achatt93@comcast.net,Male,Software Engineer IV
329,Vanya,Cromarty,vcromarty94@google.es,Male,Community Outreach Specialist
330,Dionysus,Kayser,dkayser95@globo.com,Male,Systems Administrator II
331,Alica,Jee,ajee96@naver.com,Female,Design Engineer
332,Lorenza,Llewellyn,lllewellyn97@symantec.com,Female,VP Product Management
333,Dar,Dradey,ddradey98@apache.org,Genderqueer,Chemical Engineer
334,Dominga,Robard,drobard99@booking.com,Female,Accountant IV
335,Chelsy,Alexandrou,calexandrou9a@altervista.org,Female,Tax Accountant
336,Hobart,Bryning,hbryning9b@techcrunch.com,Male,Safety Technician III
337,Welsh,Tremaine,wtremaine9c@soundcloud.com,Genderfluid,Design Engineer
338,Nariko,Kerbler,nkerbler9d@themeforest.net,Female,Programmer II
339,Isidore,Passby,ipassby9e@chronoengine.com,Male,Structural Engineer
340,Jory,Nunnery,jnunnery9f@oaic.gov.au,Male,Community Outreach Specialist
341,Culver,Dodd,cdodd9g@histats.com,Male,Legal Assistant
342,Derrick,Grzesiewicz,dgrzesiewicz9h@usnews.com,Male,Account Representative III
343,Madelle,Melarkey,mmelarkey9i@reuters.com,Female,Director of Sales
344,Bobette,Chevolleau,bchevolleau9j@cafepress.com,Female,Tax Accountant
345,Morgana,Dalglish,mdalglish9k@rediff.com,Female,Marketing Assistant
346,Nicko,Banishevitz,nbanishevitz9l@unc.edu,Male,Business Systems Development Analyst
347,Queenie,Le Fevre,qlefevre9m@storify.com,Female,Research Assistant II
348,Uri,Jurczyk,ujurczyk9n@nasa.gov,Male,Programmer Analyst I
349,Bjorn,Warbrick,bwarbrick9o@amazon.co.jp,Genderqueer,Senior Quality Engineer
350,Phaedra,D'Alessio,pdalessio9p@gmpg.org,Female,Chief Design Engineer
351,Cyril,Apthorpe,capthorpe9q@msn.com,Male,Recruiter
352,Celesta,Yockley,cyockley9r@bbb.org,Female,Executive Secretary
353,North,Korpolak,nkorpolak9s@joomla.org,Male,Recruiting Manager
354,Hernando,Rabier,hrabier9t@huffingtonpost.com,Male,Tax Accountant
355,Anitra,Mourbey,amourbey9u@comsenz.com,Female,Junior Executive
356,Lefty,Clendennen,lclendennen9v@senate.gov,Male,Editor
357,Paulie,Stirgess,pstirgess9w@census.gov,Male,VP Product Management
358,Farr,Millsom,fmillsom9x@github.io,Male,Electrical Engineer
359,Mack,Belison,mbelison9y@cbslocal.com,Male,Marketing Assistant
360,Clare,Magner,cmagner9z@reuters.com,Female,Senior Financial Analyst
361,Toby,Bamb,tbamba0@blog.com,Female,Account Executive
362,Ailina,Girvin,agirvina1@netvibes.com,Female,Compensation Analyst
363,Bernette,McConigal,bmcconigala2@princeton.edu,Bigender,Technical Writer
364,Maxim,Knotte,mknottea3@mapquest.com,Male,Research Assistant IV
365,Mohandas,Lyford,mlyforda4@studiopress.com,Male,Account Coordinator
366,Enrika,Gilyott,egilyotta5@flickr.com,Female,Senior Cost Accountant
367,Pepillo,Spinola,pspinolaa6@twitter.com,Male,Computer Systems Analyst IV
368,Teriann,Dunkerton,tdunkertona7@twitpic.com,Female,General Manager
369,Tam,McReidy,tmcreidya8@youtu.be,Male,Staff Accountant IV
370,Mohandas,Dunkerton,mdunkertona9@cdc.gov,Male,Research Associate
371,Chaddy,Roddam,croddamaa@ibm.com,Male,Data Coordinator
372,Peggi,Trapp,ptrappab@e-recht24.de,Female,Registered Nurse
373,Thaine,McElhargy,tmcelhargyac@ning.com,Male,Senior Sales Associate
374,Krissy,Keems,kkeemsad@about.me,Agender,Staff Accountant II
375,Nona,Mesias,nmesiasae@bbc.co.uk,Female,Sales Associate
376,Annalise,Hinchshaw,ahinchshawaf@godaddy.com,Female,Senior Developer
377,Tory,Maidens,tmaidensag@about.com,Female,Staff Scientist
378,Brewster,Dossetter,bdossetterah@bravesites.com,Male,Biostatistician II
379,Rachelle,Linturn,rlinturnai@hostgator.com,Female,Teacher
380,Gerianna,Ballintime,gballintimeaj@seesaa.net,Female,Quality Engineer
381,Hewe,Rabbitts,hrabbittsak@yahoo.co.jp,Male,Statistician III
382,Friedrick,Darleston,fdarlestonal@tripod.com,Male,Office Assistant III
383,Mortimer,Bails,mbailsam@cam.ac.uk,Male,Project Manager
384,Riannon,Wallwork,rwallworkan@archive.org,Female,Desktop Support Technician
385,Curran,Moffatt,cmoffattao@wunderground.com,Male,Structural Engineer
386,Marna,Caley,mcaleyap@samsung.com,Female,Senior Editor
387,Madonna,Phalip,mphalipaq@slate.com,Female,Human Resources Manager
388,Joleen,Zettler,jzettlerar@uiuc.edu,Female,Project Manager
389,Chet,Healey,chealeyas@prnewswire.com,Bigender,Budget/Accounting Analyst II
390,Frants,O' Neligan,foneliganat@ebay.com,Male,Developer I
391,Georgie,Fellgate,gfellgateau@icq.com,Male,Research Assistant II
392,Rafaello,McPhater,rmcphaterav@desdev.cn,Genderfluid,Information Systems Manager
393,Noel,Burgin,nburginaw@google.es,Male,Senior Quality Engineer
394,Chandler,Campelli,ccampelliax@state.gov,Male,Research Assistant II
395,Cindelyn,Pickhaver,cpickhaveray@aboutads.info,Female,Senior Financial Analyst
396,Lesli,Itschakov,litschakovaz@wikispaces.com,Female,VP Product Management
397,Bernita,Royse,broyseb0@nytimes.com,Female,Senior Editor
398,Marris,Graysmark,mgraysmarkb1@cnn.com,Female,Developer I
399,Christan,O'Glassane,coglassaneb2@php.net,Female,Social Worker
400,Bartholemy,McKibbin,bmckibbinb3@oakley.com,Male,Biostatistician I
401,Ikey,Berridge,iberridgeb4@paginegialle.it,Agender,Human Resources Manager
402,Filbert,Cawt,fcawtb5@cafepress.com,Male,Senior Financial Analyst
403,Kellen,Dreye,kdreyeb6@jimdo.com,Male,Web Designer II
404,Cynthea,Nestoruk,cnestorukb7@dailymotion.com,Female,Administrative Officer
405,Letizia,Craze,lcrazeb8@twitpic.com,Female,Help Desk Technician
406,Brynne,Fidoe,bfidoeb9@plala.or.jp,Female,Legal Assistant
407,Terrill,Davidowsky,tdavidowskyba@amazon.co.jp,Male,Senior Editor
408,Shaun,Wanka,swankabb@over-blog.com,Male,Engineer I
409,Wilfrid,Malim,wmalimbc@wikipedia.org,Male,Occupational Therapist
410,Holly,Heliar,hheliarbd@ameblo.jp,Female,Human Resources Assistant II
411,Gar,Rogger,groggerbe@nyu.edu,Male,Clinical Specialist
412,Loydie,Fishburn,lfishburnbf@google.ru,Male,Civil Engineer
413,Lorraine,Alejo,lalejobg@histats.com,Female,Human Resources Assistant I
414,Averil,Giovannazzi,agiovannazzibh@microsoft.com,Male,Design Engineer
415,Sollie,Folli,sfollibi@merriam-webster.com,Male,Human Resources Assistant I
416,Stearne,Druhan,sdruhanbj@eepurl.com,Male,Sales Associate
417,Launce,Stirzaker,lstirzakerbk@free.fr,Bigender,Graphic Designer
418,Petronille,Kenyon,pkenyonbl@auda.org.au,Female,Geologist II
419,Cassi,Deekes,cdeekesbm@tripadvisor.com,Genderqueer,Software Consultant
420,Simona,Tarzey,starzeybn@newsvine.com,Female,Sales Associate
421,Dorice,Toffel,dtoffelbo@amazon.co.jp,Female,Analog Circuit Design manager
422,Stephenie,de Tocqueville,sdetocquevillebp@webeden.co.uk,Female,Analog Circuit Design manager
423,Lanie,Picker,lpickerbq@hp.com,Male,Operator
424,Lianna,Hayward,lhaywardbr@tinyurl.com,Female,Physical Therapy Assistant
425,Faythe,Basley,fbasleybs@hc360.com,Female,Community Outreach Specialist
426,Guinna,Cars,gcarsbt@illinois.edu,Female,Analyst Programmer
427,Elsa,Askaw,easkawbu@joomla.org,Female,Engineer III
428,Ibrahim,Longford,ilongfordbv@youtube.com,Male,Media Manager IV
429,Arielle,Cheese,acheesebw@bbb.org,Female,Environmental Specialist
430,Antons,Guerra,aguerrabx@cargocollective.com,Male,Design Engineer
431,Emilia,Shepheard,eshepheardby@google.pl,Female,Senior Developer
432,Bobine,Keable,bkeablebz@squidoo.com,Female,Research Nurse
433,Derby,Libero,dliberoc0@github.com,Male,Help Desk Technician
434,Harmonia,Highton,hhightonc1@kickstarter.com,Female,Senior Developer
435,Cybill,Brockelsby,cbrockelsbyc2@weibo.com,Polygender,Software Engineer II
436,Kermie,Limb,klimbc3@webnode.com,Male,Structural Engineer
437,Ginelle,Cutriss,gcutrissc4@google.es,Bigender,Senior Cost Accountant
438,Selena,Cassey,scasseyc5@rambler.ru,Female,VP Product Management
439,Amble,Frenzl,afrenzlc6@hc360.com,Male,Nuclear Power Engineer
440,Yovonnda,Deverick,ydeverickc7@infoseek.co.jp,Polygender,Software Test Engineer II
441,Cecil,Knuckles,cknucklesc8@yandex.ru,Female,Accountant IV
442,Samantha,Papis,spapisc9@deviantart.com,Female,VP Product Management
443,Lauralee,Cocozza,lcocozzaca@ustream.tv,Female,Director of Sales
444,Kirby,Gianneschi,kgianneschicb@studiopress.com,Male,Environmental Specialist
445,Charmaine,Trevance,ctrevancecc@cnn.com,Female,Clinical Specialist
446,Lusa,Dominighi,ldominighicd@digg.com,Bigender,VP Marketing
447,Hal,Bruckental,hbruckentalce@adobe.com,Male,Senior Editor
448,Orelle,Van der Brug,ovanderbrugcf@mozilla.org,Female,Associate Professor
449,Corby,Shooter,cshootercg@flickr.com,Male,Research Nurse
450,Lorry,Southerell,lsoutherellch@phoca.cz,Male,Actuary
451,Lynea,Ellershaw,lellershawci@phoca.cz,Female,Environmental Tech
452,Robbyn,Woollaston,rwoollastoncj@amazon.co.uk,Female,Staff Accountant III
453,Dorise,Garnham,dgarnhamck@oracle.com,Female,Senior Quality Engineer
454,Lindsey,Sharvill,lsharvillcl@yahoo.co.jp,Female,Quality Engineer
455,Tabbie,Kurth,tkurthcm@techcrunch.com,Female,Electrical Engineer
456,Martelle,Birkhead,mbirkheadcn@deliciousdays.com,Female,Civil Engineer
457,Hattie,Strongitharm,hstrongitharmco@posterous.com,Female,Staff Accountant IV
458,Fanni,Trehearn,ftrehearncp@bbc.co.uk,Female,Product Engineer
459,Tonye,Osmund,tosmundcq@scientificamerican.com,Female,GIS Technical Architect
460,Tera,Jerschke,tjerschkecr@w3.org,Female,GIS Technical Architect
461,Giffie,Pescod,gpescodcs@fema.gov,Male,Senior Editor
462,Vernor,Sandhill,vsandhillct@tuttocitta.it,Genderfluid,Statistician IV
463,Kanya,Strodder,kstroddercu@fastcompany.com,Female,Geologist II
464,Shandie,Phillipson,sphillipsoncv@berkeley.edu,Female,GIS Technical Architect
465,Teddy,Haversum,thaversumcw@soundcloud.com,Male,Nurse Practicioner
466,Adolphus,Celez,acelezcx@chron.com,Male,Staff Scientist
467,Ingunna,Eddisford,ieddisfordcy@skype.com,Female,Senior Developer
468,Pepillo,Amberson,pambersoncz@so-net.ne.jp,Male,Staff Scientist
469,Hesther,Dennidge,hdennidged0@webnode.com,Female,Dental Hygienist
470,Jaye,Tuddall,jtuddalld1@imageshack.us,Male,Assistant Manager
471,Vinny,Alexsandrov,valexsandrovd2@netlog.com,Female,Operator
472,Derril,Leeder,dleederd3@auda.org.au,Male,Accounting Assistant III
473,Amity,Fust,afustd4@sitemeter.com,Female,Nuclear Power Engineer
474,Archaimbaud,Lamy,alamyd5@jigsy.com,Male,Associate Professor
475,Osborn,Izakovitz,oizakovitzd6@blinklist.com,Male,Office Assistant III
476,Vladimir,Clemmensen,vclemmensend7@diigo.com,Male,Design Engineer
477,Humberto,Maciocia,hmaciociad8@gmpg.org,Male,Junior Executive
478,Rex,Gotobed,rgotobedd9@boston.com,Male,Assistant Manager
479,Tessi,Goymer,tgoymerda@paginegialle.it,Female,Speech Pathologist
480,Buddie,Pevreal,bpevrealdb@seattletimes.com,Male,Financial Analyst
481,Cheston,Folker,cfolkerdc@unblog.fr,Male,Data Coordinator
482,Kendal,Banger,kbangerdd@disqus.com,Genderfluid,Associate Professor
483,Preston,Cutmere,pcutmerede@mac.com,Male,VP Product Management
484,Fidelia,Lyokhin,flyokhindf@flickr.com,Female,Librarian
485,Dennet,Quadri,dquadridg@hugedomains.com,Male,VP Product Management
486,Yorke,Liquorish,yliquorishdh@soundcloud.com,Male,Administrative Officer
487,Kris,Tolussi,ktolussidi@prweb.com,Female,Electrical Engineer
488,Georgiana,Melly,gmellydj@youku.com,Female,Assistant Professor
489,Salomon,Turpie,sturpiedk@statcounter.com,Male,Marketing Assistant
490,Delano,Kosel,dkoseldl@addtoany.com,Genderfluid,Payment Adjustment Coordinator
491,Cyndia,Gaitley,cgaitleydm@discovery.com,Female,Marketing Manager
492,Dorrie,Gynne,dgynnedn@cocolog-nifty.com,Female,Analyst Programmer
493,Erin,Villa,evillado@amazonaws.com,Female,Chemical Engineer
494,Oliver,Francais,ofrancaisdp@redcross.org,Male,VP Sales
495,Alberta,Burbidge,aburbidgedq@hugedomains.com,Female,Senior Financial Analyst
496,Gorden,Menilove,gmenilovedr@pagesperso-orange.fr,Male,Administrative Assistant III
497,Trace,Mauro,tmaurods@phpbb.com,Male,VP Quality Control
498,Noemi,Scain,nscaindt@woothemes.com,Female,Dental Hygienist
499,Bernetta,Wallage,bwallagedu@home.pl,Female,Quality Control Specialist
500,Marya,Romaine,mromainedv@bbb.org,Female,Speech Pathologist
501,Ezmeralda,Godin,egodindw@ucsd.edu,Polygender,Editor
502,Basil,Redd,bredddx@wikia.com,Male,Civil Engineer
503,Lana,Malden,lmaldendy@ucoz.com,Female,Product Engineer
504,Even,Tattershaw,etattershawdz@rambler.ru,Male,Structural Analysis Engineer
505,Gasparo,Truelock,gtruelocke0@sakura.ne.jp,Male,Senior Quality Engineer
506,Julita,Parr,jparre1@cmu.edu,Female,Clinical Specialist
507,Dorie,Glassopp,dglassoppe2@hc360.com,Male,Senior Financial Analyst
508,Frederich,Kener,fkenere3@google.com.br,Male,Teacher
509,Fay,Dethloff,fdethloffe4@hp.com,Female,Desktop Support Technician
510,Randie,Mouatt,rmouatte5@ameblo.jp,Bigender,Safety Technician IV
511,Marcia,Maceur,mmaceure6@accuweather.com,Female,Quality Control Specialist
512,Lita,Crassweller,lcrasswellere7@elegantthemes.com,Genderqueer,Account Executive
513,Raul,Kilpin,rkilpine8@wunderground.com,Male,Chief Design Engineer
514,Elka,Carnell,ecarnelle9@eventbrite.com,Bigender,Marketing Assistant
515,Burnard,Clunan,bclunanea@php.net,Male,VP Product Management
516,Debra,Readshall,dreadshalleb@youku.com,Female,Clinical Specialist
517,Curtis,Chessell,cchessellec@t-online.de,Male,Clinical Specialist
518,Rolph,Daughtery,rdaughteryed@salon.com,Genderfluid,Analyst Programmer
519,Hobart,Rassell,hrassellee@networkadvertising.org,Male,Compensation Analyst
520,Candice,Tieman,ctiemanef@symantec.com,Female,Director of Sales
521,Ysabel,Mewrcik,ymewrcikeg@symantec.com,Female,Health Coach III
522,Alexander,Borham,aborhameh@time.com,Male,Assistant Manager
523,Clarie,Ullrich,cullrichei@arstechnica.com,Female,Help Desk Operator
524,Giffie,Goddman,ggoddmanej@yolasite.com,Male,Account Coordinator
525,Giraud,Loreit,gloreitek@amazon.de,Male,Librarian
526,Kristyn,Jimes,kjimesel@google.fr,Bigender,General Manager
527,Bliss,Coot,bcootem@so-net.ne.jp,Female,Marketing Assistant
528,Douglas,Andreacci,dandreaccien@wikimedia.org,Male,Web Designer III
529,Brigg,Pibsworth,bpibswortheo@domainmarket.com,Male,Staff Accountant III
530,Hobart,Sculpher,hsculpherep@bluehost.com,Male,Design Engineer
531,Eve,Enriques,eenriqueseq@google.com,Female,Senior Sales Associate
532,Martie,Green,mgreener@adobe.com,Male,VP Product Management
533,Wade,Kirkebye,wkirkebyees@java.com,Male,Analyst Programmer
534,Antony,McCotter,amccotteret@shutterfly.com,Male,Structural Engineer
535,Catlin,Stucksbury,cstucksburyeu@vk.com,Female,Financial Advisor
536,Lynn,Brookson,lbrooksonev@shinystat.com,Genderqueer,Software Consultant
537,Teodorico,Landsborough,tlandsboroughew@dmoz.org,Male,Administrative Assistant III
538,Reeta,Zylberdik,rzylberdikex@facebook.com,Female,Recruiter
539,Reba,Pagitt,rpagittey@google.fr,Female,Human Resources Assistant I
540,Franklyn,Hourihane,fhourihaneez@umich.edu,Male,Occupational Therapist
541,Filberte,Giovannacci,fgiovannaccif0@google.co.jp,Male,Programmer Analyst IV
542,Lorita,Flatt,lflattf1@google.com.au,Female,Senior Sales Associate
543,Albrecht,Willerstone,awillerstonef2@barnesandnoble.com,Male,Assistant Professor
544,Alanna,Oleshunin,aoleshuninf3@goo.ne.jp,Female,Compensation Analyst
545,Avrit,Umfrey,aumfreyf4@comcast.net,Female,Senior Editor
546,Missie,Curnock,mcurnockf5@youtube.com,Female,Help Desk Operator
547,Barty,Culy,bculyf6@youtu.be,Male,Clinical Specialist
548,Frankie,Croxley,fcroxleyf7@github.io,Male,Pharmacist
549,Juliette,Wakeling,jwakelingf8@newsvine.com,Female,Health Coach I
550,Jordanna,Gaskins,jgaskinsf9@wikipedia.org,Female,Dental Hygienist
551,Franzen,Reading,freadingfa@odnoklassniki.ru,Male,Financial Advisor
552,Min,McGriele,mmcgrielefb@hp.com,Agender,Executive Secretary
553,Thedric,Treharne,ttreharnefc@biblegateway.com,Male,VP Product Management
554,Ellsworth,Livick,elivickfd@vkontakte.ru,Male,Paralegal
555,Gustavus,Comoletti,gcomolettife@jigsy.com,Male,Structural Engineer
556,Tim,Margeram,tmargeramff@hc360.com,Genderfluid,Senior Cost Accountant
557,Bryan,Aslen,baslenfg@google.cn,Bigender,Geologist II
558,Elisa,Plewright,eplewrightfh@unc.edu,Agender,Database Administrator I
559,Amos,Olivelli,aolivellifi@sbwire.com,Male,Human Resources Manager
560,Larine,Hymas,lhymasfj@a8.net,Female,Budget/Accounting Analyst IV
561,Murray,Cussins,mcussinsfk@foxnews.com,Male,Project Manager
562,Lazare,Dankersley,ldankersleyfl@unicef.org,Male,Librarian
563,Cathryn,Halm,chalmfm@1688.com,Female,Analog Circuit Design manager
564,Kalila,Blowing,kblowingfn@omniture.com,Female,Sales Associate
565,Edgar,Reith,ereithfo@microsoft.com,Male,VP Marketing
566,Cheri,Brigstock,cbrigstockfp@yale.edu,Female,Civil Engineer
567,Townsend,Lishman,tlishmanfq@ucoz.ru,Male,VP Quality Control
568,Howard,MacDirmid,hmacdirmidfr@com.com,Male,Environmental Tech
569,Jeanine,Cotmore,jcotmorefs@wikia.com,Female,Chief Design Engineer
570,Robena,Hayter,rhayterft@unc.edu,Genderfluid,Financial Analyst
571,Meir,Rallin,mrallinfu@earthlink.net,Male,Research Assistant III
572,Erastus,Garfit,egarfitfv@gravatar.com,Polygender,Account Coordinator
573,Gerome,Ivasechko,givasechkofw@mysql.com,Male,Civil Engineer
574,Bevvy,Marginson,bmarginsonfx@goo.ne.jp,Female,Account Coordinator
575,Guillermo,Mioni,gmionify@wix.com,Male,VP Product Management
576,Jorrie,Kupis,jkupisfz@yellowpages.com,Female,Geological Engineer
577,Monty,Kenion,mkeniong0@indiegogo.com,Male,Environmental Specialist
578,Sena,Aleksankin,saleksanking1@purevolume.com,Female,Payment Adjustment Coordinator
579,Alikee,Vignal,avignalg2@posterous.com,Female,Help Desk Operator
580,Annmaria,Dunstall,adunstallg3@springer.com,Agender,Help Desk Operator
581,Bond,Hinze,bhinzeg4@discovery.com,Male,Research Assistant II
582,Euphemia,Casoni,ecasonig5@narod.ru,Female,Assistant Media Planner
583,Anastasie,Reddie,areddieg6@theglobeandmail.com,Female,Systems Administrator I
584,Teirtza,Harling,tharlingg7@cisco.com,Female,Desktop Support Technician
585,Calhoun,Thomasson,cthomassong8@qq.com,Male,Analyst Programmer
586,Mohandis,Gawne,mgawneg9@mozilla.org,Male,Account Executive
587,Bibbie,Loan,bloanga@godaddy.com,Female,Social Worker
588,Holly,Tarte,htartegb@mozilla.com,Male,Account Coordinator
589,Aron,Carlesso,acarlessogc@nytimes.com,Male,Data Coordinator
590,Les,Rickwood,lrickwoodgd@nih.gov,Male,GIS Technical Architect
591,Hubert,Brampton,hbramptonge@hhs.gov,Male,Systems Administrator II
592,Horace,Alishoner,halishonergf@facebook.com,Male,Desktop Support Technician
593,Ganny,Cowlam,gcowlamgg@apple.com,Male,Business Systems Development Analyst
594,Abey,Hessay,ahessaygh@mtv.com,Male,Actuary
595,Eldin,Glazier,eglaziergi@blogger.com,Non-binary,Data Coordinator
596,Bertram,Keepin,bkeepingj@chronoengine.com,Male,Professor
597,Stanislas,Prester,sprestergk@dedecms.com,Male,VP Quality Control
598,Khalil,Dmitrichenko,kdmitrichenkogl@ebay.co.uk,Male,Senior Financial Analyst
599,Minda,Essberger,messbergergm@ameblo.jp,Female,Senior Editor
600,Westbrook,Cagan,wcagangn@behance.net,Male,Business Systems Development Analyst
601,Tasia,La Grange,tlagrangego@studiopress.com,Female,Marketing Manager
602,Melodie,Rance,mrancegp@is.gd,Female,Assistant Media Planner
603,Bertina,Sissel,bsisselgq@histats.com,Female,Financial Advisor
604,Concettina,Roubottom,croubottomgr@ocn.ne.jp,Female,Electrical Engineer
605,Wilden,Hourihane,whourihanegs@dailymotion.com,Male,Product Engineer
606,Gabbie,Bushell,gbushellgt@uol.com.br,Male,Administrative Assistant IV
607,Harriott,Meeus,hmeeusgu@blogs.com,Female,Safety Technician II
608,Allys,Villiers,avilliersgv@washingtonpost.com,Female,Internal Auditor
609,Jessey,Toten,jtotengw@1688.com,Male,Staff Accountant II
610,Inger,MacGoun,imacgoungx@bizjournals.com,Female,Environmental Tech
611,Isidor,O'Loughlin,ioloughlingy@trellian.com,Male,Executive Secretary
612,Othilia,De Coursey,odecourseygz@drupal.org,Female,Accounting Assistant I
613,Herbie,Reddihough,hreddihoughh0@vk.com,Genderfluid,Mechanical Systems Engineer
614,Demott,Greenhowe,dgreenhoweh1@house.gov,Male,Sales Representative
615,Bob,Pittoli,bpittolih2@house.gov,Male,GIS Technical Architect
616,Tymothy,Bonwick,tbonwickh3@miibeian.gov.cn,Male,Technical Writer
617,Lavena,Hargreaves,lhargreavesh4@w3.org,Female,Business Systems Development Analyst
618,Craig,Gillford,cgillfordh5@prweb.com,Male,Junior Executive
619,Germaine,Rhys,grhysh6@cnn.com,Male,Account Representative IV
620,Johannah,Grieve,jgrieveh7@odnoklassniki.ru,Female,Quality Control Specialist
621,Ganny,Le Noury,glenouryh8@gizmodo.com,Male,Graphic Designer
622,Marybeth,Baggot,mbaggoth9@theatlantic.com,Female,Accountant I
623,Maryanna,MacClay,mmacclayha@hao123.com,Female,Senior Sales Associate
624,Milissent,Pearde,mpeardehb@yellowbook.com,Non-binary,Social Worker
625,Northrup,Accombe,naccombehc@netscape.com,Genderfluid,Human Resources Assistant III
626,Christye,Wiltsher,cwiltsherhd@desdev.cn,Female,Safety Technician I
627,Valle,Holme,vholmehe@loc.gov,Male,Systems Administrator IV
628,Lyndy,Sackler,lsacklerhf@sciencedirect.com,Female,Registered Nurse
629,Denni,Candish,dcandishhg@telegraph.co.uk,Female,Registered Nurse
630,Fan,Jennick,fjennickhh@youtube.com,Female,Business Systems Development Analyst
631,Rianon,Roubay,rroubayhi@mtv.com,Female,Health Coach II
632,Gabi,Banks,gbankshj@studiopress.com,Female,Registered Nurse
633,Dayna,Briscow,dbriscowhk@google.co.jp,Female,Accountant III
634,Guy,Relf,grelfhl@cbc.ca,Male,Design Engineer
635,Barty,Kern,bkernhm@cbslocal.com,Male,Assistant Media Planner
636,Dom,Ingman,dingmanhn@uol.com.br,Male,Senior Quality Engineer
637,Rodrigo,Strangwood,rstrangwoodho@statcounter.com,Male,Administrative Assistant IV
638,Broderick,Ricarde,bricardehp@t.co,Male,Web Designer I
639,Micheil,Persence,mpersencehq@google.ru,Male,Engineer III
640,Ely,Keirle,ekeirlehr@theguardian.com,Male,Nurse Practicioner
641,David,Ewin,dewinhs@rakuten.co.jp,Male,Cost Accountant
642,Arlyne,Jarad,ajaradht@sfgate.com,Female,Assistant Professor
643,Hervey,Mulran,hmulranhu@indiegogo.com,Male,Computer Systems Analyst II
644,Mason,Mocquer,mmocquerhv@cbslocal.com,Male,Systems Administrator II
645,Myles,Van der Linde,mvanderlindehw@nbcnews.com,Male,Cost Accountant
646,Daisi,Headford,dheadfordhx@bbb.org,Female,Information Systems Manager
647,Paxton,Burchfield,pburchfieldhy@facebook.com,Male,Nurse Practicioner
648,Carmel,Longhurst,clonghursthz@woothemes.com,Female,Account Representative III
649,Rand,Cuddehy,rcuddehyi0@noaa.gov,Male,Paralegal
650,Perry,Tocqueville,ptocquevillei1@chicagotribune.com,Male,Software Consultant
651,Catherin,Zorzenoni,czorzenonii2@cbsnews.com,Female,Project Manager
652,Poul,Yakushkin,pyakushkini3@linkedin.com,Male,Nurse
653,Kendell,Gouch,kgouchi4@goo.ne.jp,Male,Senior Editor
654,Rowney,Sinnett,rsinnetti5@instagram.com,Male,Assistant Media Planner
655,Ody,Keepin,okeepini6@booking.com,Male,Geologist II
656,Stewart,O'Drought,sodroughti7@instagram.com,Male,Software Engineer III
657,Mable,Wickson,mwicksoni8@soup.io,Female,Accountant I
658,Rosaleen,Antoni,rantonii9@technorati.com,Female,Budget/Accounting Analyst III
659,Roxine,Pentycost,rpentycostia@cocolog-nifty.com,Female,VP Sales
660,Tallie,Orrett,torrettib@uiuc.edu,Female,Accounting Assistant I
661,Philly,Stayte,pstayteic@squidoo.com,Female,Registered Nurse
662,Christie,Scholey,cscholeyid@gnu.org,Female,Compensation Analyst
663,Marwin,De la Eglise,mdelaegliseie@elpais.com,Male,Accounting Assistant I
664,Elisabet,Delleschi,edelleschiif@mtv.com,Female,Chemical Engineer
665,Inglis,Whyteman,iwhytemanig@ehow.com,Male,Legal Assistant
666,Dorothy,Rookes,drookesih@php.net,Female,Information Systems Manager
667,Tiebold,Downgate,tdowngateii@mozilla.org,Male,Editor
668,Lida,Glazier,lglazierij@surveymonkey.com,Female,Paralegal
669,Jeno,Gillet,jgilletik@mac.com,Male,Senior Editor
670,Latrena,Handrick,lhandrickil@issuu.com,Female,Marketing Manager
671,Kaitlyn,Vauter,kvauterim@sphinn.com,Female,GIS Technical Architect
672,Rona,Pullen,rpullenin@yahoo.co.jp,Female,Chemical Engineer
673,Nissie,Seakings,nseakingsio@geocities.jp,Female,Registered Nurse
674,Ellswerth,Verillo,everilloip@gov.uk,Male,Environmental Specialist
675,Alf,Babst,ababstiq@blogger.com,Male,Environmental Tech
676,Aeriel,Leasor,aleasorir@dion.ne.jp,Bigender,Associate Professor
677,Cheri,Dorken,cdorkenis@deviantart.com,Female,Programmer IV
678,Lucienne,Rivelin,lrivelinit@webeden.co.uk,Female,Chief Design Engineer
679,Benyamin,Castri,bcastriiu@hhs.gov,Male,Research Nurse
680,Fee,Drackford,fdrackfordiv@theguardian.com,Male,Occupational Therapist
681,Evania,Mehaffey,emehaffeyiw@nhs.uk,Agender,General Manager
682,Darell,Owens,dowensix@eventbrite.com,Female,General Manager
683,Lindsay,Sparshatt,lsparshattiy@yahoo.co.jp,Female,Engineer IV
684,Mariam,Ellwell,mellwelliz@shutterfly.com,Female,Geologist III
685,Geoffry,Parfrey,gparfreyj0@goo.ne.jp,Male,GIS Technical Architect
686,Raye,Venditto,rvendittoj1@google.com.au,Female,Cost Accountant
687,Byran,Castro,bcastroj2@deliciousdays.com,Male,Speech Pathologist
688,Eydie,Phillins,ephillinsj3@mapquest.com,Female,Help Desk Operator
689,Thom,Barnett,tbarnettj4@google.fr,Male,Environmental Specialist
690,Rusty,Lavielle,rlaviellej5@skype.com,Male,General Manager
691,Vernon,Joice,vjoicej6@nymag.com,Male,Accounting Assistant I
692,Loren,Duff,lduffj7@devhub.com,Male,Nurse
693,Octavius,Cargill,ocargillj8@deviantart.com,Male,Administrative Officer
694,Brunhilda,Forsythe,bforsythej9@jiathis.com,Female,Senior Cost Accountant
695,Ardene,Sieve,asieveja@columbia.edu,Female,Design Engineer
696,Alphard,Jolliffe,ajolliffejb@elegantthemes.com,Male,VP Product Management
697,Eddy,Delyth,edelythjc@biblegateway.com,Female,Environmental Specialist
698,Ganny,George,ggeorgejd@acquirethisname.com,Male,Information Systems Manager
699,Anallese,McAree,amcareeje@google.ca,Female,Senior Cost Accountant
700,Jesselyn,Radbone,jradbonejf@seesaa.net,Female,Financial Analyst
701,Kristoforo,Dunge,kdungejg@skype.com,Male,Sales Associate
702,Benoite,Mincher,bmincherjh@icq.com,Female,Analog Circuit Design manager
703,Bertha,Tarry,btarryji@google.com.au,Female,Technical Writer
704,Ewell,Berthel,ebertheljj@de.vu,Male,Web Developer I
705,Wayland,Moston,wmostonjk@patch.com,Polygender,Food Chemist
706,Aleen,Mersh,amershjl@webs.com,Female,Web Designer III
707,Cathy,Kerslake,ckerslakejm@cnbc.com,Agender,Programmer Analyst I
708,Joyous,Sparke,jsparkejn@dedecms.com,Female,Sales Associate
709,Babita,Gainsborough,bgainsboroughjo@surveymonkey.com,Female,Paralegal
710,Abbe,Beaglehole,abeagleholejp@cbsnews.com,Male,Analyst Programmer
711,Gordie,Bjorkan,gbjorkanjq@shareasale.com,Male,Structural Analysis Engineer
712,Gherardo,Edgehill,gedgehilljr@walmart.com,Male,Geological Engineer
713,Natalie,Jacobson,njacobsonjs@photobucket.com,Female,Senior Developer
714,Cleopatra,Maren,cmarenjt@amazon.de,Genderfluid,Nurse Practicioner
715,Deborah,Victor,dvictorju@oracle.com,Non-binary,Cost Accountant
716,Gabie,Tonbridge,gtonbridgejv@xinhuanet.com,Male,Administrative Officer
717,Udall,Hamblin,uhamblinjw@booking.com,Male,Computer Systems Analyst IV
718,Phebe,Robrow,probrowjx@google.co.jp,Female,Structural Analysis Engineer
719,Price,Cruwys,pcruwysjy@vinaora.com,Male,Pharmacist
720,Eugene,Colebeck,ecolebeckjz@fc2.com,Male,Nuclear Power Engineer
721,Gaelan,Aurelius,gaureliusk0@sogou.com,Polygender,Staff Scientist
722,Remy,Grievson,rgrievsonk1@guardian.co.uk,Agender,Marketing Assistant
723,Roderic,Crowson,rcrowsonk2@gmpg.org,Male,Technical Writer
724,Sid,Nowak,snowakk3@devhub.com,Male,Senior Financial Analyst
725,Zach,Vanini,zvaninik4@latimes.com,Male,Director of Sales
726,Hadlee,Norcop,hnorcopk5@cnn.com,Male,Legal Assistant
727,Florie,Pauleit,fpauleitk6@youku.com,Female,Engineer IV
728,Rolf,Willeman,rwillemank7@diigo.com,Non-binary,Physical Therapy Assistant
729,Leigha,Suermeier,lsuermeierk8@lulu.com,Female,Senior Financial Analyst
730,Kyla,Debrick,kdebrickk9@ftc.gov,Female,Senior Quality Engineer
731,Giuseppe,Sindell,gsindellka@sbwire.com,Agender,Director of Sales
732,Stanton,Calderon,scalderonkb@123-reg.co.uk,Male,VP Marketing
733,Colby,Buckoke,cbuckokekc@mozilla.org,Male,Editor
734,Serene,Rayson,sraysonkd@printfriendly.com,Female,Assistant Media Planner
735,Bertrando,Veivers,bveiverske@mapquest.com,Genderqueer,Design Engineer
736,Berky,Gutteridge,bgutteridgekf@sun.com,Male,Recruiter
737,Prinz,Windsor,pwindsorkg@amazon.de,Male,Account Coordinator
738,Nickola,Blackborn,nblackbornkh@nba.com,Polygender,Business Systems Development Analyst
739,Ginnie,Starrs,gstarrski@instagram.com,Female,Software Engineer II
740,Hilario,Gumery,hgumerykj@cnn.com,Male,Sales Associate
741,Nyssa,Teasdale-Markie,nteasdalemarkiekk@umn.edu,Female,Registered Nurse
742,Arda,Mousdall,amousdallkl@bbb.org,Female,Community Outreach Specialist
743,Shellysheldon,Rubinowicz,srubinowiczkm@abc.net.au,Male,Administrative Assistant IV
744,Chris,Semper,csemperkn@webs.com,Female,Senior Cost Accountant
745,Julian,Sewards,jsewardsko@thetimes.co.uk,Male,Accounting Assistant II
746,Colby,Nesby,cnesbykp@ezinearticles.com,Male,Nurse Practicioner
747,Betti,Cappleman,bcapplemankq@buzzfeed.com,Female,Sales Representative
748,Trixie,Blackham,tblackhamkr@1und1.de,Genderqueer,Quality Control Specialist
749,Antonino,Harmant,aharmantks@instagram.com,Male,Compensation Analyst
750,Stace,Stocken,sstockenkt@noaa.gov,Female,Clinical Specialist
751,Dyane,Measen,dmeasenku@yahoo.co.jp,Female,Staff Accountant I
752,Dulcine,Goudman,dgoudmankv@weebly.com,Polygender,Accounting Assistant I
753,Marris,Ivanchin,mivanchinkw@friendfeed.com,Female,Office Assistant II
754,Stinky,Patrone,spatronekx@163.com,Male,Help Desk Technician
755,Neron,Alessandrini,nalessandriniky@taobao.com,Male,Graphic Designer
756,Hewitt,Stanlike,hstanlikekz@princeton.edu,Male,Assistant Media Planner
757,Hendrick,Jeandot,hjeandotl0@sourceforge.net,Male,Senior Financial Analyst
758,Caz,Spyby,cspybyl1@jimdo.com,Male,Human Resources Manager
759,Burke,Itscowics,bitscowicsl2@netvibes.com,Genderfluid,Help Desk Operator
760,Coralie,Ryder,cryderl3@miitbeian.gov.cn,Female,Recruiter
761,Florian,Amner,famnerl4@cbc.ca,Male,Design Engineer
762,Katha,Melmore,kmelmorel5@redcross.org,Female,Desktop Support Technician
763,Richardo,Rable,rrablel6@example.com,Male,Director of Sales
764,Barbara,Buxsy,bbuxsyl7@cdc.gov,Female,Information Systems Manager
765,Shirley,Jozefiak,sjozefiakl8@microsoft.com,Female,General Manager
766,Sascha,McAnulty,smcanultyl9@blinklist.com,Male,Assistant Media Planner
767,Sonnnie,Gooderick,sgooderickla@mapy.cz,Female,Geologist II
768,Doris,Hathway,dhathwaylb@pbs.org,Female,Civil Engineer
769,Myrwyn,Carnduff,mcarndufflc@xing.com,Male,Chemical Engineer
770,Carr,Reye,creyeld@dell.com,Male,Staff Scientist
771,Jan,Wolton,jwoltonle@unblog.fr,Male,Statistician II
772,Pat,Woodings,pwoodingslf@weather.com,Male,Administrative Assistant II
773,Reginald,Mundell,rmundelllg@bandcamp.com,Male,Junior Executive
774,Weston,Carah,wcarahlh@dyndns.org,Male,Compensation Analyst
775,Rutter,Jaxon,rjaxonli@dailymotion.com,Male,Analyst Programmer
776,Maryl,Gurdon,mgurdonlj@photobucket.com,Female,Human Resources Manager
777,Marylou,Bigrigg,mbigrigglk@flickr.com,Female,Civil Engineer
778,Tiler,Compfort,tcompfortll@nih.gov,Male,Sales Associate
779,Belva,Bourchier,bbourchierlm@newsvine.com,Female,Compensation Analyst
780,Katey,Spurret,kspurretln@nytimes.com,Female,Software Test Engineer II
781,Tandi,Dorward,tdorwardlo@google.fr,Female,Assistant Manager
782,Jameson,Clemetts,jclemettslp@google.it,Male,Recruiting Manager
783,Culley,Barkhouse,cbarkhouselq@squidoo.com,Male,Paralegal
784,Allistir,Truckett,atruckettlr@xinhuanet.com,Male,Health Coach I
785,Doloritas,Bunt,dbuntls@example.com,Female,VP Quality Control
786,Marita,Shilburne,mshilburnelt@diigo.com,Female,Cost Accountant
787,Jennifer,Hankinson,jhankinsonlu@yolasite.com,Female,Automation Specialist I
788,Alphard,Roon,aroonlv@microsoft.com,Male,Database Administrator III
789,Koralle,Duesberry,kduesberrylw@theguardian.com,Female,Automation Specialist II
790,Fran,Detloff,fdetlofflx@networkadvertising.org,Male,Research Associate
791,Gerrie,Birtonshaw,gbirtonshawly@chronoengine.com,Female,Geologist IV
792,Mireille,Dudenie,mdudenielz@europa.eu,Female,Physical Therapy Assistant
793,Rosie,Royans,rroyansm0@prnewswire.com,Female,Sales Representative
794,Hermie,Richichi,hrichichim1@ezinearticles.com,Male,VP Product Management
795,Forbes,Hards,fhardsm2@irs.gov,Male,Information Systems Manager
796,Andrea,McQuaid,amcquaidm3@istockphoto.com,Male,Research Associate
797,Abbott,Lowdeane,alowdeanem4@mapy.cz,Male,Recruiting Manager
798,Shauna,Goldspink,sgoldspinkm5@google.fr,Female,Business Systems Development Analyst
799,Estel,Dyke,edykem6@statcounter.com,Female,Quality Engineer
800,Ryan,Kenyam,rkenyamm7@globo.com,Male,VP Product Management
801,Levon,Surtees,lsurteesm8@slate.com,Polygender,Occupational Therapist
802,Laurena,Lumbley,llumbleym9@yale.edu,Genderqueer,Technical Writer
803,Iggy,Housam,ihousamma@auda.org.au,Male,Help Desk Operator
804,Janel,Chesnay,jchesnaymb@acquirethisname.com,Female,Graphic Designer
805,Tracie,Pevsner,tpevsnermc@desdev.cn,Female,Professor
806,Fabe,Biggar,fbiggarmd@wikia.com,Polygender,Sales Associate
807,Lowe,Klaggeman,lklaggemanme@wikispaces.com,Male,Staff Accountant IV
808,Derwin,Martinon,dmartinonmf@a8.net,Male,Senior Sales Associate
809,Kleon,Baldin,kbaldinmg@npr.org,Male,Tax Accountant
810,Pembroke,Wimlett,pwimlettmh@amazon.de,Male,General Manager
811,Pembroke,Hallgate,phallgatemi@businesswire.com,Genderfluid,VP Marketing
812,Tamas,Lombard,tlombardmj@google.nl,Male,Sales Representative
813,Meridith,Loffill,mloffillmk@eepurl.com,Female,Electrical Engineer
814,Aeriela,Pawelski,apawelskiml@zdnet.com,Female,Research Nurse
815,Gilli,Champkins,gchampkinsmm@ihg.com,Female,Account Coordinator
816,Bucky,Dowbekin,bdowbekinmn@free.fr,Non-binary,Account Executive
817,Kristina,Dampney,kdampneymo@about.me,Female,Senior Sales Associate
818,Storm,Dewer,sdewermp@cloudflare.com,Female,Software Test Engineer I
819,Randal,Domel,rdomelmq@illinois.edu,Male,Director of Sales
820,Dodie,Radley,dradleymr@dmoz.org,Female,Actuary
821,Arron,McGlaud,amcglaudms@ehow.com,Male,Operator
822,Christabel,Di Ruggero,cdiruggeromt@google.com.hk,Female,Graphic Designer
823,Chen,Mullally,cmullallymu@umn.edu,Male,Associate Professor
824,Pennie,Jirousek,pjirousekmv@reuters.com,Bigender,Programmer I
825,Pepe,Pelchat,ppelchatmw@nytimes.com,Male,VP Sales
826,Dmitri,Dand,ddandmx@aol.com,Male,Occupational Therapist
827,Tabbi,Dunlea,tdunleamy@mapy.cz,Female,Electrical Engineer
828,Cameron,Sugge,csuggemz@ameblo.jp,Male,Nurse Practicioner
829,Lew,Whardley,lwhardleyn0@taobao.com,Male,Database Administrator II
830,Hugo,Berge,hbergen1@ftc.gov,Male,Actuary
831,Abigale,Imm,aimmn2@uiuc.edu,Female,Nurse
832,Angelle,MacCarter,amaccartern3@cbslocal.com,Female,Librarian
833,Nicolai,Liebrecht,nliebrechtn4@addtoany.com,Male,Software Test Engineer II
834,Marian,Ben-Aharon,mbenaharonn5@gov.uk,Female,Developer I
835,Colin,Cottingham,ccottinghamn6@businessweek.com,Male,Legal Assistant
836,Cris,Marikhin,cmarikhinn7@reddit.com,Bigender,Health Coach II
837,Bebe,Mellon,bmellonn8@tiny.cc,Female,Professor
838,Hayward,Whitehair,hwhitehairn9@nyu.edu,Male,General Manager
839,Hayes,Sumnall,hsumnallna@ask.com,Male,Editor
840,Shoshana,Juszkiewicz,sjuszkiewicznb@cnn.com,Female,Structural Analysis Engineer
841,Ailis,Blatchford,ablatchfordnc@samsung.com,Genderqueer,Food Chemist
842,Marcela,Haythornthwaite,mhaythornthwaitend@gravatar.com,Polygender,Marketing Assistant
843,Krystyna,Boulger,kboulgerne@economist.com,Female,Speech Pathologist
844,Diann,Airy,dairynf@123-reg.co.uk,Female,Environmental Specialist
845,Audry,Bolan,abolanng@altervista.org,Female,Payment Adjustment Coordinator
846,Berni,Pessler,bpesslernh@telegraph.co.uk,Female,Information Systems Manager
847,Yvon,Doles,ydolesni@europa.eu,Male,Community Outreach Specialist
848,Llewellyn,Aveline,lavelinenj@about.me,Male,Junior Executive
849,Mignonne,Rewcastle,mrewcastlenk@toplist.cz,Female,Accountant IV
850,Karlens,Fisbburne,kfisbburnenl@disqus.com,Male,Marketing Manager
851,Cort,Denisot,cdenisotnm@creativecommons.org,Male,Associate Professor
852,Ollie,Tother,otothernn@tripadvisor.com,Male,Office Assistant II
853,Mame,Younge,myoungeno@wisc.edu,Female,Chemical Engineer
854,Mar,Prene,mprenenp@sogou.com,Male,Marketing Manager
855,Lolly,Horney,lhorneynq@t.co,Female,Occupational Therapist
856,Inglis,Gosnall,igosnallnr@hao123.com,Male,Physical Therapy Assistant
857,Costanza,Thistleton,cthistletonns@naver.com,Female,Sales Representative
858,Nancee,Fairham,nfairhamnt@squarespace.com,Female,Marketing Manager
859,Inglis,Douglas,idouglasnu@cargocollective.com,Male,Assistant Manager
860,Aarika,MacRannell,amacrannellnv@tamu.edu,Genderfluid,Safety Technician III
861,Briggs,Bollini,bbollininw@mapquest.com,Male,Tax Accountant
862,Adlai,Jakubowski,ajakubowskinx@hexun.com,Male,Editor
863,Khalil,McGaughie,kmcgaughieny@businesswire.com,Male,Cost Accountant
864,Tailor,Moss,tmossnz@wikimedia.org,Male,Marketing Assistant
865,Marquita,Trubshawe,mtrubshaweo0@jiathis.com,Female,Web Designer II
866,Ruth,Byneth,rbynetho1@rediff.com,Female,Senior Developer
867,Dallon,Rickard,drickardo2@t.co,Male,Registered Nurse
868,Ingeborg,Arnhold,iarnholdo3@ow.ly,Female,VP Accounting
869,Adria,Carlile,acarlileo4@vk.com,Female,Office Assistant I
870,Herrick,Lawton,hlawtono5@patch.com,Male,Senior Developer
871,Benedetto,Wedmore,bwedmoreo6@zimbio.com,Male,Sales Associate
872,Dennie,Gorke,dgorkeo7@mapquest.com,Male,Accounting Assistant III
873,Waylen,Boorman,wboormano8@miitbeian.gov.cn,Genderfluid,Human Resources Manager
874,Emilia,Olexa,eolexao9@wikimedia.org,Female,Physical Therapy Assistant
875,Jessey,Plowright,jplowrightoa@mozilla.org,Male,Nuclear Power Engineer
876,Chelsea,Catherine,ccatherineob@themeforest.net,Female,Research Nurse
877,Marius,Laugheran,mlaugheranoc@google.de,Male,Pharmacist
878,Derril,Daniely,ddanielyod@posterous.com,Male,Actuary
879,Spike,Mazin,smazinoe@webs.com,Male,Geological Engineer
880,Sebastien,Eakins,seakinsof@dedecms.com,Male,General Manager
881,Goldia,Chart,gchartog@diigo.com,Female,Registered Nurse
882,Nell,Way,nwayoh@whitehouse.gov,Genderqueer,Help Desk Technician
883,Carry,Meriel,cmerieloi@clickbank.net,Female,Budget/Accounting Analyst II
884,Kacie,Burnie,kburnieoj@tinypic.com,Female,Registered Nurse
885,Lance,Cordner,lcordnerok@tamu.edu,Male,Desktop Support Technician
886,Isabella,Spinney,ispinneyol@cocolog-nifty.com,Female,Senior Editor
887,Milli,Rodriguez,mrodriguezom@columbia.edu,Female,Web Designer II
888,Reynard,Gonsalvo,rgonsalvoon@examiner.com,Male,Technical Writer
889,Joyce,Daines,jdainesoo@photobucket.com,Female,VP Marketing
890,Alastair,Lukasen,alukasenop@mtv.com,Male,Product Engineer
891,Kinna,Lackham,klackhamoq@cloudflare.com,Female,Technical Writer
892,Christa,Neilly,cneillyor@wisc.edu,Female,Web Developer IV
893,Vicki,Poulsom,vpoulsomos@unc.edu,Female,Tax Accountant
894,Leif,Emmitt,lemmittot@utexas.edu,Male,Administrative Assistant II
895,Gretta,Waterhouse,gwaterhouseou@virginia.edu,Female,Operator
896,Lemmy,Goodyer,lgoodyerov@mit.edu,Male,VP Quality Control
897,Patric,Arrigo,parrigoow@xinhuanet.com,Male,Software Test Engineer II
898,Ware,Kimbly,wkimblyox@uiuc.edu,Polygender,Financial Analyst
899,Laird,Metheringham,lmetheringhamoy@wikimedia.org,Male,Professor
900,Heidie,Pesek,hpesekoz@deviantart.com,Female,General Manager
901,Anjela,Copas,acopasp0@smh.com.au,Female,Marketing Manager
902,Syman,Bamell,sbamellp1@mapy.cz,Male,Geological Engineer
903,Elbertine,Lindenbluth,elindenbluthp2@ebay.co.uk,Agender,GIS Technical Architect
904,Gordy,Huleatt,ghuleattp3@mysql.com,Male,Administrative Assistant III
905,Sarge,Findlow,sfindlowp4@addthis.com,Male,Administrative Officer
906,Pippo,Ridge,pridgep5@amazonaws.com,Male,Associate Professor
907,Huntington,Macak,hmacakp6@admin.ch,Male,Web Developer IV
908,Samara,Howsden,showsdenp7@sitemeter.com,Female,Business Systems Development Analyst
909,Alic,Truscott,atruscottp8@upenn.edu,Male,Speech Pathologist
910,Lavinia,Mattei,lmatteip9@opera.com,Bigender,Recruiting Manager
911,Elvina,Brazil,ebrazilpa@odnoklassniki.ru,Female,Human Resources Assistant I
912,Web,McCorry,wmccorrypb@is.gd,Bigender,Registered Nurse
913,Mortimer,Rosenfelder,mrosenfelderpc@about.me,Genderqueer,Speech Pathologist
914,Beaufort,Glaum,bglaumpd@gov.uk,Male,Web Designer IV
915,Mabelle,MacShirie,mmacshiriepe@sciencedaily.com,Female,Payment Adjustment Coordinator
916,Reilly,Dungey,rdungeypf@oaic.gov.au,Non-binary,Quality Control Specialist
917,Griff,Eliasen,geliasenpg@geocities.com,Male,Automation Specialist IV
918,Mercedes,Pingstone,mpingstoneph@squidoo.com,Female,VP Accounting
919,Hyacinth,Waldron,hwaldronpi@economist.com,Female,Accountant I
920,Violante,McBratney,vmcbratneypj@alexa.com,Female,Geological Engineer
921,Zachary,English,zenglishpk@cdc.gov,Male,Senior Financial Analyst
922,Winfred,Saw,wsawpl@amazon.co.uk,Male,Electrical Engineer
923,Nickey,Penhearow,npenhearowpm@barnesandnoble.com,Male,Senior Quality Engineer
924,Edna,Ivell,eivellpn@drupal.org,Female,Accounting Assistant IV
925,Husein,Wilgar,hwilgarpo@indiegogo.com,Male,Executive Secretary
926,Jamesy,Antonijevic,jantonijevicpp@topsy.com,Male,Computer Systems Analyst II
927,Eleni,Egel,eegelpq@cbsnews.com,Female,Nuclear Power Engineer
928,Christan,Churly,cchurlypr@mapquest.com,Female,Librarian
929,Gratiana,Angless,ganglessps@bluehost.com,Agender,Safety Technician IV
930,Nina,Ferry,nferrypt@linkedin.com,Female,Occupational Therapist
931,Giff,Toping,gtopingpu@constantcontact.com,Male,Assistant Professor
932,Zorina,Whetson,zwhetsonpv@nsw.gov.au,Female,Sales Associate
933,Berna,Knight,bknightpw@uiuc.edu,Genderfluid,Media Manager III
934,Claudianus,Kingescot,ckingescotpx@psu.edu,Male,Registered Nurse
935,Dino,Lighterness,dlighternesspy@nih.gov,Male,Chief Design Engineer
936,Crystal,Kann,ckannpz@businessweek.com,Female,Director of Sales
937,Dill,Baillie,dbaillieq0@goodreads.com,Male,Associate Professor
938,Berny,Glenn,bglennq1@howstuffworks.com,Female,Registered Nurse
939,Nev,Woodberry,nwoodberryq2@w3.org,Male,Administrative Officer
940,Pamela,Wildbore,pwildboreq3@xinhuanet.com,Female,Payment Adjustment Coordinator
941,Rozamond,Smillie,rsmillieq4@gnu.org,Female,Clinical Specialist
942,Winn,Studde,wstuddeq5@phpbb.com,Male,Budget/Accounting Analyst I
943,Jordon,Dakers,jdakersq6@twitter.com,Male,Sales Representative
944,Nalani,Farris,nfarrisq7@upenn.edu,Polygender,Research Nurse
945,Roosevelt,Capron,rcapronq8@squidoo.com,Male,Staff Scientist
946,Lark,Kearns,lkearnsq9@biblegateway.com,Female,Analog Circuit Design manager
947,Lazare,Dornan,ldornanqa@ucoz.com,Male,Nurse Practicioner
948,Allen,Neasam,aneasamqb@weebly.com,Male,Research Assistant I
949,Brigitte,Pasmore,bpasmoreqc@army.mil,Female,Senior Financial Analyst
950,Wendi,Casaccia,wcasacciaqd@canalblog.com,Female,Senior Developer
951,Oralie,Baser,obaserqe@cbslocal.com,Female,Marketing Manager
952,Tades,Janiak,tjaniakqf@statcounter.com,Male,Marketing Manager
953,Lucinda,Gosnay,lgosnayqg@nasa.gov,Female,Data Coordinator
954,Mendie,Koene,mkoeneqh@craigslist.org,Male,Research Assistant IV
955,Elsbeth,Phillcock,ephillcockqi@who.int,Female,Technical Writer
956,Karon,Kneafsey,kkneafseyqj@japanpost.jp,Female,Compensation Analyst
957,Sarene,Hallihane,shallihaneqk@mac.com,Female,Health Coach I
958,Evan,Knappitt,eknappittql@ucoz.ru,Male,Environmental Specialist
959,Fergus,Avrahamy,favrahamyqm@google.ru,Polygender,Biostatistician IV
960,Cherri,Saich,csaichqn@bloomberg.com,Female,Environmental Specialist
961,Tabbitha,Cullotey,tculloteyqo@statcounter.com,Female,VP Product Management
962,Willi,Costellow,wcostellowqp@linkedin.com,Male,Software Engineer II
963,Davine,Hinks,dhinksqq@nature.com,Female,Accounting Assistant IV
964,Keith,Bearblock,kbearblockqr@discovery.com,Male,Administrative Assistant III
965,Agnese,Bolam,abolamqs@ibm.com,Female,Physical Therapy Assistant
966,Noah,Winterton,nwintertonqt@t.co,Male,Electrical Engineer
967,Alex,Hedditeh,ahedditehqu@samsung.com,Female,Media Manager IV
968,Marjory,Giovannacc@i,mgiovannacciqv@indiatimes.com,Female,Nurse Practicioner
969,Aimee,Maggill'Andreis,amaggillandreisqw@reddit.com,Female,Environmental Specialist
970,Arron,Schuh,aschuhqx@cpanel.net,Male,Sales Associate
971,Drucy,Hegg,dheggqy@xing.com,Female,Quality Engineer
972,Collie,Baumadier,cbaumadierqz@google.ca,Female,Account Executive
973,Allard,Jeacop,ajeacopr0@usgs.gov,Male,Dental Hygienist
974,Padget,Barstowk,pbarstowkr1@deviantart.com,Male,Staff Scientist
975,Kaycee,Dalby,kdalbyr2@wikimedia.org,Female,Programmer II
976,Nettle,Standon,nstandonr3@cam.ac.uk,Female,Physical Therapy Assistant
977,Jeniffer,Postles,jpostlesr4@europa.eu,Female,Administrative Assistant I
978,Karoline,Hiddersley,khiddersleyr5@clickbank.net,Female,Administrative Officer
979,Randolph,Cawthra,rcawthrar6@state.gov,Male,VP Sales
980,Beryl,Luebbert,bluebbertr7@accuweather.com,Female,Media Manager IV
981,Sebastian,Buddington,sbuddingtonr8@usatoday.com,Male,Civil Engineer
982,Sallyanne,Fairall,sfairallr9@cbc.ca,Female,Web Developer III
983,Erhart,Bjorkan,ebjorkanra@columbia.edu,Male,Marketing Manager
985,Zach,Esslement,zesslementrc@ft.com,Male,General Manager
986,Valery,Coster,vcosterrd@merriam-webster.com,Female,Recruiter
987,Selie,De Benedictis,sdebenedictisre@sphinn.com,Female,Quality Control Specialist
988,Farrell,Gloster,fglosterrf@weibo.com,Male,Teacher
989,Rockey,Barthod,rbarthodrg@ehow.com,Male,Senior Editor
990,Gladi,Bunten,gbuntenrh@harvard.edu,Female,Financial Analyst
992,Neysa,Ludewig,nludewigrj@digg.com,Female,Project Manager
993,Caldwell,Durling,cdurlingrk@bizjournals.com,Polygender,Data Coordinator
994,Prentice,Patise,ppatiserl@boston.com,Male,GIS Technical Architect
995,Tara,Myderscough,tmyderscoughrm@moonfruit.com,Female,Structural Engineer
996,Claus,Pitrollo,cpitrollorn@hibu.com,Male,VP Product Management
997,Dorena,Derycot,dderycotro@state.gov,Female,Media Manager II
998,Forbes,Flanner,fflannerrp@hp.com,Male,Payment Adjustment Coordinator
999,May,McDonell,mmcdonellrq@arstechnica.com,Female,Environmental Specialist
1000,Sangam Silwal,SangamSilwal2062@gmail.com,male,c-programmer
